Brand,Chipset,Form_Factor,Price
MSI,X570,Micro-ATX,283.5
ASUS,X570,Mini-ITX,310.4
ASUS,X570,ATX,151.59
MSI,X570,Micro-ATX,308.18
ASUS,B550,ATX,290.61
ASUS,X570,ATX,180.68
ASUS,B550,ATX,171.66
ASUS,B550,Mini-ITX,325.97
ASUS,B550,Mini-ITX,226.81
MSI,B550,ATX,348.93
ASUS,B550,Mini-ITX,156.55
MSI,X570,Micro-ATX,200.23
MSI,B550,Mini-ITX,317.36
MSI,X570,Micro-ATX,240.27
ASUS,X570,ATX,337.34
MSI,B550,ATX,123.88
ASUS,B550,Mini-ITX,220.97
MSI,B550,Mini-ITX,374.92
MSI,X570,ATX,308.32
MSI,B550,ATX,389.0
ASUS,X570,Mini-ITX,246.61
ASUS,B550,Micro-ATX,108.92
ASUS,B550,Micro-ATX,345.73
MSI,B550,Micro-ATX,217.02
ASUS,B550,Mini-ITX,373.71
MSI,X570,ATX,267.58
MSI,X570,Micro-ATX,156.58
MSI,B550,Mini-ITX,366.24
MSI,B550,ATX,132.97
ASUS,B550,Mini-ITX,367.96
ASUS,X570,Mini-ITX,346.8
ASUS,B550,Micro-ATX,254.61
MSI,X570,Micro-ATX,373.18
MSI,B550,ATX,276.88
ASUS,B550,Micro-ATX,104.96
MSI,B550,Mini-ITX,151.21
ASUS,B550,Mini-ITX,374.59
ASUS,B550,Micro-ATX,347.96
MSI,B550,ATX,141.62
MSI,X570,Mini-ITX,233.78
MSI,B550,Micro-ATX,204.97
ASUS,B550,Mini-ITX,161.83
MSI,B550,Micro-ATX,216.91
MSI,X570,Micro-ATX,310.34
ASUS,X570,Micro-ATX,111.45
MSI,B550,Micro-ATX,192.71
ASUS,B550,Mini-ITX,142.34
MSI,X570,Mini-ITX,317.46
ASUS,B550,ATX,193.05
ASUS,B550,Micro-ATX,324.27
ASUS,B550,Mini-ITX,171.62
MSI,X570,Mini-ITX,131.59
ASUS,X570,Micro-ATX,291.18
MSI,B550,Micro-ATX,239.28
ASUS,X570,Mini-ITX,370.97
MSI,B550,Micro-ATX,101.06
ASUS,B550,Mini-ITX,137.88
ASUS,B550,Micro-ATX,114.09
MSI,B550,ATX,201.49
ASUS,B550,Mini-ITX,320.37
MSI,X570,Micro-ATX,389.65
ASUS,X570,ATX,399.2
MSI,B550,ATX,349.99
MSI,X570,ATX,133.32
MSI,X570,ATX,250.05
MSI,X570,Mini-ITX,192.12
ASUS,B550,Micro-ATX,348.86
ASUS,B550,ATX,361.55
MSI,X570,Mini-ITX,176.47
MSI,X570,Mini-ITX,157.53
ASUS,B550,Micro-ATX,315.74
ASUS,X570,Mini-ITX,397.21
MSI,B550,Mini-ITX,279.49
MSI,B550,Mini-ITX,129.22
MSI,X570,Micro-ATX,347.87
MSI,B550,ATX,101.35
MSI,B550,Micro-ATX,290.04
MSI,B550,ATX,132.89
ASUS,X570,Micro-ATX,272.83
MSI,B550,Mini-ITX,180.81
MSI,X570,ATX,186.22
MSI,X570,Micro-ATX,233.32
ASUS,X570,ATX,121.69
MSI,X570,Micro-ATX,309.38
ASUS,X570,Mini-ITX,111.08
ASUS,X570,Mini-ITX,277.24
ASUS,B550,ATX,311.17
MSI,X570,ATX,159.31
ASUS,X570,Micro-ATX,395.37
MSI,X570,Micro-ATX,260.64
ASUS,B550,ATX,174.57
ASUS,X570,Micro-ATX,361.66
ASUS,B550,Mini-ITX,292.41
ASUS,X570,ATX,138.13
MSI,X570,ATX,107.19
ASUS,X570,Mini-ITX,111.02
MSI,X570,Mini-ITX,179.81
ASUS,X570,ATX,145.54
ASUS,X570,Micro-ATX,381.33
MSI,B550,ATX,170.57
ASUS,X570,Micro-ATX,236.63
MSI,B550,Micro-ATX,365.07
MSI,B550,ATX,293.7
MSI,B550,Mini-ITX,185.65
MSI,X570,Mini-ITX,367.12
ASUS,X570,ATX,197.63
ASUS,B550,Mini-ITX,303.88
MSI,B550,ATX,364.6
MSI,X570,Micro-ATX,234.94
ASUS,X570,Micro-ATX,136.22
ASUS,X570,Micro-ATX,253.22
MSI,X570,ATX,356.67
MSI,X570,Mini-ITX,326.39
MSI,X570,Mini-ITX,191.44
ASUS,B550,Micro-ATX,326.47
ASUS,X570,ATX,217.39
ASUS,B550,Mini-ITX,304.28
MSI,X570,Mini-ITX,167.68
MSI,B550,ATX,206.73
MSI,B550,Micro-ATX,298.16
MSI,B550,Mini-ITX,160.3
ASUS,B550,Mini-ITX,211.35
ASUS,B550,Mini-ITX,329.12
MSI,B550,Mini-ITX,389.59
ASUS,B550,Micro-ATX,144.45
MSI,X570,ATX,328.44
ASUS,X570,ATX,198.1
MSI,B550,ATX,347.81
MSI,X570,ATX,131.39
ASUS,B550,Mini-ITX,355.32
MSI,X570,Micro-ATX,162.71
ASUS,X570,Mini-ITX,328.21
ASUS,B550,Micro-ATX,386.65
MSI,X570,Mini-ITX,191.08
ASUS,X570,ATX,341.62
ASUS,B550,Micro-ATX,218.28
MSI,B550,Mini-ITX,162.44
ASUS,B550,Micro-ATX,108.86
MSI,B550,Micro-ATX,146.74
ASUS,B550,Micro-ATX,373.13
ASUS,B550,Mini-ITX,250.01
ASUS,X570,ATX,344.53
MSI,B550,Mini-ITX,325.37
ASUS,X570,ATX,345.65
MSI,X570,ATX,189.42
MSI,X570,ATX,297.08
MSI,B550,ATX,106.51
ASUS,B550,Mini-ITX,104.35
ASUS,B550,ATX,322.22
ASUS,B550,Micro-ATX,196.49
MSI,B550,ATX,352.29
ASUS,B550,Mini-ITX,398.72
MSI,X570,Mini-ITX,175.82
ASUS,B550,Mini-ITX,170.07
ASUS,X570,ATX,333.08
MSI,B550,ATX,290.46
ASUS,X570,ATX,283.75
ASUS,B550,Micro-ATX,141.07
MSI,X570,ATX,272.72
ASUS,B550,ATX,294.79
MSI,B550,Mini-ITX,199.56
MSI,X570,Micro-ATX,204.1
MSI,B550,ATX,282.38
ASUS,B550,Micro-ATX,217.73
MSI,X570,Micro-ATX,127.14
ASUS,B550,Mini-ITX,217.14
ASUS,X570,Micro-ATX,106.82
ASUS,X570,Mini-ITX,252.21
ASUS,X570,Micro-ATX,114.01
ASUS,B550,Micro-ATX,375.64
MSI,X570,ATX,110.45
MSI,B550,Micro-ATX,300.53
ASUS,B550,ATX,326.49
MSI,B550,Mini-ITX,271.08
ASUS,B550,Mini-ITX,336.94
ASUS,X570,Mini-ITX,267.02
ASUS,B550,Micro-ATX,271.74
ASUS,B550,Mini-ITX,267.42
ASUS,X570,Mini-ITX,207.33
MSI,B550,Micro-ATX,361.09
ASUS,B550,Micro-ATX,290.55
MSI,B550,Mini-ITX,188.38
MSI,B550,ATX,216.46
ASUS,B550,Mini-ITX,228.49
MSI,X570,Mini-ITX,382.01
MSI,X570,ATX,144.16
MSI,B550,ATX,299.9
ASUS,X570,Micro-ATX,214.85
ASUS,B550,Micro-ATX,398.47
MSI,X570,Mini-ITX,106.62
ASUS,B550,Mini-ITX,162.55
MSI,B550,Mini-ITX,162.96
ASUS,B550,ATX,287.41
ASUS,B550,ATX,369.4
MSI,B550,ATX,298.38
MSI,B550,Mini-ITX,128.13
MSI,B550,Mini-ITX,163.07
MSI,B550,Micro-ATX,293.21
MSI,B550,ATX,170.46
MSI,B550,Micro-ATX,379.81
ASUS,B550,ATX,336.18
ASUS,X570,Micro-ATX,259.44
ASUS,X570,ATX,346.41
MSI,X570,Mini-ITX,379.4
MSI,X570,Mini-ITX,294.47
ASUS,B550,Micro-ATX,362.09
MSI,X570,ATX,376.64
MSI,X570,ATX,154.12
MSI,X570,Mini-ITX,126.22
ASUS,B550,Mini-ITX,246.42
ASUS,X570,ATX,125.95
ASUS,X570,Micro-ATX,244.33
ASUS,X570,Mini-ITX,277.29
MSI,B550,Mini-ITX,295.4
MSI,X570,ATX,335.06
MSI,X570,ATX,186.38
MSI,B550,Mini-ITX,140.98
ASUS,X570,Micro-ATX,388.59
MSI,B550,Mini-ITX,189.13
ASUS,X570,Micro-ATX,244.75
ASUS,X570,Micro-ATX,395.3
ASUS,X570,Mini-ITX,264.23
MSI,X570,Micro-ATX,224.0
ASUS,X570,Micro-ATX,361.84
ASUS,B550,Mini-ITX,353.22
MSI,X570,Micro-ATX,161.91
MSI,X570,Micro-ATX,247.83
MSI,B550,ATX,147.53
MSI,B550,Micro-ATX,160.63
ASUS,X570,Micro-ATX,119.96
ASUS,X570,Mini-ITX,148.76
ASUS,B550,Mini-ITX,301.57
MSI,X570,ATX,259.25
MSI,X570,Micro-ATX,393.05
ASUS,X570,Micro-ATX,312.45
ASUS,B550,Mini-ITX,305.01
MSI,B550,Micro-ATX,151.36
MSI,B550,Mini-ITX,206.0
MSI,X570,ATX,136.93
MSI,X570,ATX,296.73
ASUS,B550,Micro-ATX,381.84
ASUS,B550,Micro-ATX,318.91
MSI,B550,Mini-ITX,276.96
MSI,X570,ATX,360.94
ASUS,B550,Mini-ITX,106.59
ASUS,X570,Mini-ITX,146.67
MSI,B550,Micro-ATX,107.68
ASUS,X570,Micro-ATX,225.11
ASUS,X570,Micro-ATX,200.37
MSI,X570,Micro-ATX,368.13
MSI,X570,Mini-ITX,138.11
ASUS,B550,Micro-ATX,233.17
ASUS,B550,Mini-ITX,110.94
MSI,B550,ATX,380.57
ASUS,B550,Micro-ATX,219.06
ASUS,X570,Micro-ATX,363.72
ASUS,X570,Micro-ATX,104.23
ASUS,B550,Mini-ITX,226.71
ASUS,X570,ATX,126.29
MSI,B550,Mini-ITX,270.22
MSI,B550,Micro-ATX,235.35
MSI,X570,ATX,294.98
MSI,X570,ATX,188.58
ASUS,X570,ATX,341.51
MSI,X570,Mini-ITX,125.42
MSI,X570,Mini-ITX,328.99
ASUS,B550,Micro-ATX,274.67
MSI,X570,ATX,300.27
ASUS,B550,ATX,263.59
ASUS,X570,ATX,372.12
ASUS,X570,ATX,347.35
MSI,X570,Mini-ITX,118.32
MSI,B550,Micro-ATX,136.77
MSI,X570,Mini-ITX,204.42
MSI,X570,ATX,399.81
ASUS,B550,Micro-ATX,276.0
ASUS,X570,Micro-ATX,121.26
MSI,X570,ATX,331.7
MSI,B550,ATX,217.05
ASUS,B550,ATX,211.49
ASUS,X570,Micro-ATX,328.52
ASUS,X570,Mini-ITX,355.73
ASUS,X570,Micro-ATX,137.74
ASUS,B550,Mini-ITX,373.81
MSI,X570,Micro-ATX,231.95
MSI,B550,ATX,330.74
ASUS,B550,Micro-ATX,218.31
ASUS,B550,ATX,102.58
MSI,X570,Mini-ITX,199.56
ASUS,X570,Micro-ATX,327.63
MSI,X570,ATX,237.69
ASUS,B550,Micro-ATX,388.49
MSI,B550,ATX,213.09
ASUS,B550,Micro-ATX,265.98
MSI,B550,Mini-ITX,277.29
ASUS,B550,Micro-ATX,106.16
ASUS,X570,ATX,396.0
ASUS,B550,ATX,364.14
MSI,B550,Mini-ITX,327.97
MSI,B550,Micro-ATX,320.01
MSI,B550,ATX,220.68
ASUS,B550,ATX,251.47
MSI,B550,Mini-ITX,129.55
ASUS,X570,ATX,165.64
ASUS,X570,Micro-ATX,314.73
MSI,X570,ATX,367.87
MSI,X570,ATX,366.71
ASUS,X570,Micro-ATX,399.41
MSI,B550,Mini-ITX,224.71
ASUS,X570,Mini-ITX,271.07
ASUS,X570,Micro-ATX,344.68
ASUS,X570,ATX,217.96
MSI,X570,Micro-ATX,105.93
MSI,X570,ATX,160.36
ASUS,B550,Micro-ATX,218.93
ASUS,X570,Mini-ITX,390.37
ASUS,B550,Micro-ATX,230.03
ASUS,B550,ATX,379.2
MSI,X570,Mini-ITX,376.03
ASUS,B550,Micro-ATX,284.52
ASUS,X570,Micro-ATX,238.18
MSI,B550,ATX,393.37
ASUS,B550,ATX,155.18
ASUS,X570,Mini-ITX,255.74
ASUS,B550,Mini-ITX,276.06
ASUS,X570,Mini-ITX,338.41
ASUS,B550,Micro-ATX,119.23
MSI,X570,ATX,394.57
MSI,B550,Mini-ITX,321.13
MSI,X570,Mini-ITX,352.61
MSI,B550,Micro-ATX,382.24
MSI,X570,Micro-ATX,399.64
ASUS,X570,Micro-ATX,112.77
ASUS,B550,Mini-ITX,153.11
MSI,X570,Mini-ITX,112.4
MSI,B550,Mini-ITX,268.95
ASUS,B550,Mini-ITX,182.28
ASUS,X570,Micro-ATX,192.42
MSI,X570,Mini-ITX,371.73
MSI,B550,Mini-ITX,216.76
MSI,X570,ATX,363.01
MSI,B550,Mini-ITX,228.4
ASUS,B550,ATX,269.4
MSI,X570,ATX,225.92
MSI,B550,ATX,221.85
ASUS,B550,ATX,348.54
MSI,X570,Mini-ITX,301.57
ASUS,X570,Mini-ITX,399.38
MSI,B550,Mini-ITX,267.71
MSI,B550,Mini-ITX,118.42
ASUS,X570,ATX,380.99
MSI,X570,Micro-ATX,187.03
MSI,X570,Mini-ITX,135.22
MSI,B550,Mini-ITX,299.45
ASUS,B550,ATX,336.15
MSI,X570,Mini-ITX,146.72
ASUS,B550,Micro-ATX,369.78
ASUS,B550,Micro-ATX,342.07
ASUS,B550,Mini-ITX,365.81
MSI,X570,Mini-ITX,356.9
ASUS,B550,Micro-ATX,218.49
MSI,X570,ATX,279.8
ASUS,B550,Mini-ITX,174.77
MSI,X570,ATX,198.72
MSI,X570,ATX,385.43
MSI,B550,ATX,122.81
MSI,B550,ATX,342.76
ASUS,B550,ATX,176.1
ASUS,X570,Micro-ATX,202.57
MSI,B550,Micro-ATX,370.45
MSI,X570,Mini-ITX,384.86
MSI,X570,ATX,236.88
MSI,B550,Micro-ATX,354.23
ASUS,X570,Micro-ATX,316.46
MSI,X570,ATX,224.95
MSI,X570,ATX,374.52
MSI,B550,Mini-ITX,257.73
MSI,B550,ATX,291.94
MSI,X570,Micro-ATX,364.21
MSI,B550,Mini-ITX,314.41
MSI,B550,ATX,379.29
MSI,B550,Mini-ITX,191.67
ASUS,B550,Micro-ATX,365.07
MSI,B550,ATX,338.74
ASUS,B550,Mini-ITX,209.21
ASUS,B550,ATX,196.62
MSI,B550,Mini-ITX,282.63
MSI,X570,ATX,244.92
ASUS,B550,Mini-ITX,399.91
ASUS,X570,ATX,194.12
MSI,B550,Micro-ATX,219.96
ASUS,B550,ATX,171.1
MSI,B550,Mini-ITX,218.75
ASUS,X570,Mini-ITX,286.9
ASUS,B550,Mini-ITX,259.88
MSI,X570,Mini-ITX,394.09
MSI,B550,Mini-ITX,328.82
ASUS,B550,Micro-ATX,235.09
ASUS,B550,Micro-ATX,251.91
MSI,B550,Mini-ITX,171.31
ASUS,X570,Mini-ITX,384.17
MSI,X570,Micro-ATX,256.91
MSI,B550,Micro-ATX,116.8
ASUS,X570,ATX,315.34
ASUS,X570,Micro-ATX,108.8
ASUS,X570,Mini-ITX,373.57
ASUS,X570,Mini-ITX,139.55
ASUS,X570,Mini-ITX,185.57
MSI,B550,Mini-ITX,119.51
ASUS,X570,Micro-ATX,198.14
MSI,B550,Mini-ITX,317.73
MSI,B550,ATX,189.65
ASUS,B550,Mini-ITX,259.82
MSI,B550,Micro-ATX,115.33
ASUS,X570,Mini-ITX,123.23
ASUS,X570,Mini-ITX,305.67
ASUS,B550,ATX,373.15
MSI,X570,Micro-ATX,216.19
MSI,X570,Micro-ATX,246.11
ASUS,X570,ATX,273.23
MSI,B550,Mini-ITX,396.53
ASUS,X570,ATX,210.37
ASUS,B550,Micro-ATX,215.43
MSI,B550,Mini-ITX,296.39
ASUS,X570,Micro-ATX,394.53
MSI,X570,Micro-ATX,236.85
ASUS,X570,Mini-ITX,320.02
ASUS,X570,Mini-ITX,329.61
MSI,X570,Micro-ATX,215.85
MSI,X570,ATX,302.76
MSI,B550,Mini-ITX,185.98
MSI,B550,Micro-ATX,168.96
MSI,X570,ATX,198.86
ASUS,X570,ATX,126.01
MSI,B550,ATX,168.93
MSI,X570,Mini-ITX,321.45
ASUS,X570,ATX,325.52
ASUS,X570,ATX,326.14
ASUS,X570,Micro-ATX,283.62
MSI,B550,Mini-ITX,225.65
ASUS,B550,Mini-ITX,376.93
MSI,X570,ATX,200.52
MSI,B550,Micro-ATX,331.11
MSI,B550,Mini-ITX,112.04
MSI,X570,Micro-ATX,342.65
ASUS,X570,Mini-ITX,168.06
MSI,B550,Micro-ATX,255.9
ASUS,X570,Micro-ATX,313.7
ASUS,B550,Micro-ATX,385.62
MSI,X570,ATX,327.1
MSI,B550,ATX,283.22
MSI,B550,Mini-ITX,116.61
MSI,X570,ATX,361.32
MSI,X570,Mini-ITX,324.22
MSI,B550,Mini-ITX,165.35
ASUS,X570,Mini-ITX,241.06
MSI,X570,Mini-ITX,341.03
ASUS,B550,ATX,113.29
ASUS,B550,Micro-ATX,258.47
ASUS,X570,ATX,357.54
MSI,X570,Mini-ITX,100.91
MSI,B550,ATX,142.06
MSI,B550,Micro-ATX,291.76
ASUS,B550,Mini-ITX,124.99
ASUS,B550,Micro-ATX,207.03
MSI,X570,Micro-ATX,101.11
ASUS,X570,Mini-ITX,383.92
MSI,B550,Mini-ITX,116.34
ASUS,X570,Micro-ATX,351.52
ASUS,X570,Micro-ATX,175.2
MSI,B550,Micro-ATX,274.98
MSI,X570,Mini-ITX,315.15
MSI,B550,Mini-ITX,120.73
MSI,X570,ATX,254.84
ASUS,B550,Micro-ATX,117.88
MSI,B550,ATX,140.07
ASUS,B550,Mini-ITX,167.8
ASUS,B550,Mini-ITX,129.7
MSI,X570,ATX,212.5
MSI,X570,ATX,322.93
ASUS,B550,Mini-ITX,257.71
MSI,X570,ATX,248.87
ASUS,X570,Mini-ITX,288.07
MSI,X570,Micro-ATX,297.12
MSI,X570,Micro-ATX,149.56
MSI,X570,Micro-ATX,339.76
MSI,X570,Mini-ITX,284.93
MSI,X570,Mini-ITX,271.89
MSI,X570,Micro-ATX,208.42
MSI,B550,Mini-ITX,155.13
MSI,B550,ATX,244.18
ASUS,B550,ATX,229.82
ASUS,B550,Mini-ITX,190.4
MSI,B550,ATX,124.05
MSI,X570,Micro-ATX,240.77
ASUS,X570,ATX,137.03
ASUS,B550,Mini-ITX,321.63
MSI,B550,Mini-ITX,236.46
ASUS,B550,ATX,190.81
ASUS,X570,ATX,283.35
ASUS,X570,Micro-ATX,362.21
ASUS,B550,Micro-ATX,179.97
ASUS,X570,Micro-ATX,385.75
ASUS,X570,Mini-ITX,322.41
ASUS,X570,Micro-ATX,200.51
MSI,X570,Micro-ATX,396.06
MSI,X570,Mini-ITX,228.88
MSI,B550,ATX,101.41
MSI,X570,ATX,358.16
MSI,X570,Mini-ITX,231.18
MSI,B550,Micro-ATX,236.5
MSI,X570,ATX,370.86
ASUS,B550,Mini-ITX,197.47
ASUS,B550,ATX,177.04
MSI,X570,Mini-ITX,303.03
MSI,X570,Micro-ATX,233.66
MSI,X570,Micro-ATX,317.29
MSI,B550,ATX,327.09
MSI,X570,Micro-ATX,114.78
MSI,B550,Micro-ATX,145.86
ASUS,X570,ATX,255.94
MSI,X570,Mini-ITX,215.88
ASUS,X570,Mini-ITX,171.53
ASUS,B550,Mini-ITX,182.03
ASUS,X570,Micro-ATX,208.13
MSI,X570,Micro-ATX,153.01
MSI,B550,Micro-ATX,230.64
ASUS,X570,ATX,256.09
ASUS,B550,ATX,103.05
MSI,B550,Mini-ITX,319.63
MSI,X570,Micro-ATX,184.76
ASUS,B550,Mini-ITX,256.97
MSI,X570,Mini-ITX,362.72
MSI,B550,Mini-ITX,310.65
MSI,B550,Micro-ATX,231.68
MSI,B550,Mini-ITX,331.79
MSI,X570,ATX,109.17
MSI,X570,Mini-ITX,217.78
ASUS,B550,Micro-ATX,155.99
MSI,X570,Mini-ITX,290.88
MSI,X570,Mini-ITX,100.58
ASUS,X570,ATX,161.92
ASUS,B550,ATX,393.29
ASUS,X570,Micro-ATX,187.03
MSI,B550,ATX,133.2
ASUS,B550,Micro-ATX,277.3
MSI,B550,Micro-ATX,336.17
ASUS,X570,ATX,277.47
MSI,B550,Mini-ITX,176.69
ASUS,B550,Mini-ITX,379.04
MSI,B550,Mini-ITX,173.85
MSI,X570,ATX,132.92
ASUS,X570,ATX,201.79
MSI,B550,Micro-ATX,390.6
ASUS,B550,ATX,386.6
ASUS,B550,Micro-ATX,325.22
ASUS,B550,ATX,179.15
ASUS,B550,ATX,176.4
MSI,B550,Mini-ITX,380.93
MSI,B550,ATX,179.25
MSI,B550,ATX,149.47
ASUS,X570,ATX,159.76
ASUS,X570,ATX,271.79
ASUS,B550,Mini-ITX,184.78
MSI,B550,Micro-ATX,223.81
MSI,B550,Micro-ATX,122.68
MSI,B550,Micro-ATX,135.13
MSI,B550,ATX,117.51
ASUS,B550,Micro-ATX,346.46
MSI,B550,ATX,280.82
ASUS,B550,Mini-ITX,316.16
ASUS,B550,ATX,115.76
ASUS,B550,Mini-ITX,165.2
MSI,X570,ATX,206.95
MSI,X570,ATX,125.36
ASUS,X570,ATX,148.18
MSI,X570,Mini-ITX,174.37
MSI,B550,Mini-ITX,222.1
MSI,B550,Micro-ATX,317.3
MSI,B550,Micro-ATX,379.19
ASUS,B550,Mini-ITX,321.62
ASUS,X570,Mini-ITX,255.39
MSI,B550,Mini-ITX,244.36
MSI,B550,Mini-ITX,264.27
ASUS,B550,ATX,166.31
MSI,B550,Micro-ATX,280.57
MSI,B550,Micro-ATX,107.85
MSI,B550,ATX,266.45
MSI,X570,Micro-ATX,129.71
ASUS,X570,ATX,375.85
MSI,X570,ATX,223.47
MSI,B550,Micro-ATX,390.32
ASUS,X570,Micro-ATX,343.09
MSI,X570,ATX,248.88
MSI,B550,Micro-ATX,221.16
MSI,X570,Micro-ATX,355.77
MSI,B550,ATX,122.85
MSI,X570,Micro-ATX,131.06
MSI,X570,Mini-ITX,142.58
ASUS,B550,Micro-ATX,303.88
ASUS,X570,Mini-ITX,377.52
ASUS,X570,Micro-ATX,370.64
MSI,X570,Micro-ATX,259.21
MSI,B550,ATX,169.39
ASUS,B550,Mini-ITX,349.42
MSI,B550,Micro-ATX,102.97
ASUS,B550,Mini-ITX,251.41
ASUS,X570,ATX,138.71
ASUS,B550,ATX,227.9
ASUS,X570,Micro-ATX,332.56
ASUS,X570,ATX,158.27
ASUS,X570,ATX,266.39
ASUS,B550,Micro-ATX,133.03
MSI,X570,Micro-ATX,175.91
ASUS,B550,Micro-ATX,206.02
ASUS,X570,Mini-ITX,184.04
ASUS,X570,ATX,342.65
ASUS,B550,Mini-ITX,223.64
MSI,B550,Mini-ITX,144.5
MSI,B550,ATX,380.72
ASUS,X570,Micro-ATX,133.82
ASUS,B550,ATX,368.87
ASUS,X570,Micro-ATX,199.04
MSI,X570,ATX,343.3
MSI,B550,Micro-ATX,254.0
ASUS,B550,Mini-ITX,122.07
ASUS,B550,Mini-ITX,379.83
MSI,X570,Mini-ITX,174.51
ASUS,B550,Micro-ATX,329.03
ASUS,B550,Mini-ITX,289.39
ASUS,B550,ATX,240.12
ASUS,B550,Micro-ATX,221.75
ASUS,X570,Micro-ATX,344.09
ASUS,X570,Micro-ATX,159.83
ASUS,B550,Micro-ATX,333.86
MSI,B550,Mini-ITX,105.41
MSI,B550,ATX,236.86
ASUS,B550,Micro-ATX,146.22
MSI,X570,Micro-ATX,314.02
ASUS,B550,ATX,223.53
ASUS,X570,Micro-ATX,160.18
ASUS,B550,Mini-ITX,212.54
MSI,B550,ATX,156.34
ASUS,B550,ATX,375.91
ASUS,X570,Micro-ATX,360.93
MSI,B550,ATX,200.2
ASUS,B550,ATX,320.14
ASUS,X570,Micro-ATX,174.45
MSI,B550,ATX,344.53
MSI,B550,Micro-ATX,285.22
MSI,X570,Micro-ATX,353.12
ASUS,X570,Mini-ITX,391.84
MSI,B550,Micro-ATX,324.34
MSI,X570,Mini-ITX,138.41
ASUS,X570,Mini-ITX,353.46
MSI,B550,ATX,319.6
MSI,B550,Micro-ATX,381.6
MSI,X570,Micro-ATX,272.64
MSI,X570,ATX,396.33
ASUS,B550,Mini-ITX,362.44
ASUS,B550,ATX,197.24
MSI,X570,Mini-ITX,127.47
ASUS,X570,Mini-ITX,126.58
MSI,X570,Mini-ITX,384.46
ASUS,B550,Micro-ATX,315.64
ASUS,B550,Mini-ITX,353.04
MSI,B550,Mini-ITX,159.68
MSI,X570,Micro-ATX,277.34
ASUS,B550,Micro-ATX,398.72
ASUS,X570,ATX,343.26
MSI,B550,Micro-ATX,386.88
MSI,X570,Mini-ITX,251.98
ASUS,X570,Mini-ITX,391.8
MSI,B550,Mini-ITX,148.27
MSI,B550,Mini-ITX,154.74
ASUS,B550,Mini-ITX,264.5
MSI,B550,Mini-ITX,231.92
MSI,X570,Mini-ITX,323.26
MSI,X570,Mini-ITX,104.47
ASUS,X570,Micro-ATX,372.95
ASUS,B550,Micro-ATX,387.67
ASUS,B550,Micro-ATX,249.1
MSI,X570,Micro-ATX,283.26
ASUS,X570,ATX,228.76
ASUS,X570,ATX,346.04
ASUS,B550,Micro-ATX,221.54
ASUS,X570,Micro-ATX,326.09
MSI,X570,Micro-ATX,251.97
ASUS,B550,Mini-ITX,249.24
MSI,B550,ATX,348.73
ASUS,B550,Mini-ITX,155.69
MSI,B550,ATX,326.24
MSI,X570,Mini-ITX,133.76
ASUS,X570,Micro-ATX,169.77
ASUS,X570,ATX,285.67
MSI,B550,Mini-ITX,267.12
MSI,B550,Mini-ITX,188.86
MSI,X570,Micro-ATX,308.62
ASUS,X570,Micro-ATX,366.47
MSI,B550,Micro-ATX,310.24
MSI,B550,Micro-ATX,208.62
MSI,B550,ATX,123.93
ASUS,B550,Micro-ATX,139.55
ASUS,B550,Mini-ITX,344.86
ASUS,B550,ATX,108.48
ASUS,B550,ATX,119.52
MSI,X570,ATX,138.71
ASUS,X570,Micro-ATX,374.22
ASUS,X570,Mini-ITX,370.71
MSI,B550,ATX,141.11
MSI,B550,Micro-ATX,337.33
MSI,X570,Mini-ITX,372.84
ASUS,B550,Mini-ITX,318.83
ASUS,X570,ATX,349.06
MSI,X570,Micro-ATX,279.62
MSI,X570,ATX,258.47
ASUS,B550,ATX,167.31
MSI,B550,Micro-ATX,193.64
ASUS,B550,Mini-ITX,266.42
MSI,B550,ATX,220.57
ASUS,B550,Mini-ITX,203.97
MSI,B550,ATX,142.5
MSI,B550,Mini-ITX,255.63
MSI,B550,ATX,339.27
ASUS,B550,Micro-ATX,297.06
ASUS,B550,Micro-ATX,251.3
MSI,B550,Mini-ITX,138.27
MSI,X570,ATX,329.2
ASUS,B550,Mini-ITX,213.9
ASUS,X570,Mini-ITX,177.6
ASUS,X570,Mini-ITX,169.77
ASUS,X570,Mini-ITX,215.14
MSI,X570,ATX,119.22
ASUS,X570,Mini-ITX,321.0
MSI,B550,Micro-ATX,303.9
ASUS,B550,Micro-ATX,286.58
ASUS,B550,ATX,254.95
MSI,B550,ATX,222.26
MSI,B550,Micro-ATX,295.29
MSI,B550,Mini-ITX,272.61
MSI,X570,ATX,373.75
MSI,X570,Micro-ATX,227.72
MSI,B550,Mini-ITX,265.2
MSI,X570,ATX,145.26
ASUS,B550,Micro-ATX,123.84
MSI,X570,ATX,352.65
ASUS,B550,Mini-ITX,209.0
ASUS,X570,Mini-ITX,193.51
MSI,X570,ATX,172.96
MSI,X570,Mini-ITX,156.16
ASUS,X570,ATX,152.6
ASUS,B550,Micro-ATX,121.92
ASUS,X570,Micro-ATX,189.29
ASUS,B550,Mini-ITX,355.17
MSI,B550,Mini-ITX,321.09
MSI,X570,ATX,359.43
ASUS,X570,Micro-ATX,350.25
ASUS,B550,Mini-ITX,109.62
ASUS,B550,Mini-ITX,340.95
MSI,X570,Micro-ATX,319.55
MSI,B550,Mini-ITX,282.21
MSI,X570,Mini-ITX,352.95
MSI,X570,Micro-ATX,179.08
ASUS,B550,Mini-ITX,383.66
ASUS,X570,Micro-ATX,377.44
ASUS,B550,Mini-ITX,226.23
MSI,B550,ATX,339.18
MSI,B550,Mini-ITX,287.93
ASUS,B550,Micro-ATX,220.38
ASUS,X570,Micro-ATX,282.79
ASUS,X570,Mini-ITX,158.98
ASUS,X570,Micro-ATX,320.73
ASUS,X570,Micro-ATX,291.6
MSI,B550,Mini-ITX,173.14
MSI,X570,Micro-ATX,290.86
ASUS,B550,Mini-ITX,259.46
ASUS,B550,Mini-ITX,342.02
ASUS,X570,Micro-ATX,171.46
MSI,X570,Micro-ATX,274.26
ASUS,X570,Micro-ATX,179.44
ASUS,X570,Micro-ATX,105.3
ASUS,X570,ATX,370.19
ASUS,X570,ATX,158.22
MSI,X570,ATX,374.96
MSI,X570,Micro-ATX,138.93
MSI,X570,ATX,272.79
MSI,X570,Micro-ATX,168.22
MSI,X570,Mini-ITX,129.04
MSI,X570,Mini-ITX,292.48
MSI,B550,ATX,356.96
ASUS,B550,Micro-ATX,260.51
ASUS,B550,Mini-ITX,101.51
ASUS,B550,Mini-ITX,366.26
ASUS,X570,ATX,135.45
ASUS,B550,Micro-ATX,316.68
MSI,X570,ATX,122.58
ASUS,B550,Mini-ITX,235.96
ASUS,B550,ATX,345.59
ASUS,X570,ATX,240.36
MSI,B550,Micro-ATX,170.34
MSI,X570,ATX,255.56
MSI,X570,Micro-ATX,102.93
ASUS,X570,Mini-ITX,246.74
MSI,B550,Mini-ITX,105.19
MSI,X570,Micro-ATX,311.22
ASUS,X570,Mini-ITX,307.02
MSI,X570,ATX,197.95
MSI,X570,Micro-ATX,268.78
ASUS,X570,Mini-ITX,295.33
ASUS,B550,Micro-ATX,301.29
MSI,B550,Mini-ITX,242.7
MSI,X570,ATX,244.38
MSI,X570,ATX,386.66
MSI,B550,Mini-ITX,339.76
MSI,B550,Mini-ITX,238.18
MSI,B550,Mini-ITX,326.28
MSI,B550,ATX,140.37
ASUS,B550,Mini-ITX,352.74
MSI,B550,Mini-ITX,372.74
MSI,X570,Mini-ITX,224.7
ASUS,X570,Micro-ATX,389.11
MSI,B550,Micro-ATX,144.05
ASUS,B550,Mini-ITX,138.21
ASUS,B550,Mini-ITX,181.88
ASUS,B550,Micro-ATX,399.48
ASUS,X570,ATX,173.93
MSI,X570,Mini-ITX,316.4
MSI,X570,Mini-ITX,284.99
ASUS,B550,Mini-ITX,397.53
ASUS,B550,Micro-ATX,133.78
MSI,B550,Mini-ITX,242.1
ASUS,B550,Micro-ATX,308.58
MSI,B550,Micro-ATX,148.68
ASUS,X570,ATX,138.64
ASUS,X570,ATX,247.03
ASUS,B550,ATX,174.2
ASUS,X570,Mini-ITX,341.54
ASUS,B550,Mini-ITX,274.5
ASUS,X570,Mini-ITX,227.48
ASUS,B550,Micro-ATX,105.41
ASUS,X570,ATX,389.43
ASUS,X570,ATX,311.03
MSI,X570,Micro-ATX,108.54
ASUS,B550,Micro-ATX,175.72
MSI,X570,Micro-ATX,257.41
MSI,B550,Mini-ITX,114.47
MSI,X570,Mini-ITX,380.14
ASUS,B550,Mini-ITX,276.97
MSI,X570,Mini-ITX,207.58
MSI,B550,Micro-ATX,260.77
MSI,B550,Mini-ITX,250.85
ASUS,B550,ATX,264.27
ASUS,X570,Micro-ATX,302.39
MSI,X570,ATX,152.49
MSI,X570,Mini-ITX,276.91
ASUS,X570,Mini-ITX,308.29
MSI,X570,Micro-ATX,202.01
ASUS,X570,Mini-ITX,284.37
ASUS,X570,ATX,103.88
MSI,X570,Micro-ATX,268.96
ASUS,X570,Micro-ATX,208.69
MSI,B550,Mini-ITX,132.06
ASUS,X570,Mini-ITX,254.59
MSI,X570,Micro-ATX,206.66
MSI,B550,Micro-ATX,300.94
ASUS,B550,Micro-ATX,330.82
ASUS,X570,Micro-ATX,177.31
ASUS,X570,Mini-ITX,182.42
MSI,B550,ATX,131.79
MSI,X570,Mini-ITX,124.61
MSI,B550,Mini-ITX,256.5
ASUS,B550,Micro-ATX,186.23
MSI,B550,Mini-ITX,263.58
MSI,X570,Micro-ATX,109.82
MSI,X570,ATX,381.05
ASUS,X570,ATX,396.11
MSI,B550,Mini-ITX,334.0
MSI,B550,Micro-ATX,119.98
MSI,X570,Micro-ATX,160.37
MSI,X570,Mini-ITX,331.66
ASUS,B550,Mini-ITX,260.09
MSI,X570,ATX,332.4
MSI,X570,ATX,258.48
ASUS,X570,Mini-ITX,242.12
ASUS,X570,Micro-ATX,399.6
MSI,X570,Mini-ITX,349.61
ASUS,B550,ATX,298.08
MSI,B550,Mini-ITX,346.33
MSI,X570,Mini-ITX,207.75
ASUS,X570,Mini-ITX,153.28
ASUS,X570,Mini-ITX,140.35
ASUS,X570,ATX,302.34
ASUS,X570,ATX,350.6
ASUS,B550,Mini-ITX,318.58
ASUS,X570,Mini-ITX,390.97
ASUS,X570,Micro-ATX,279.1
MSI,B550,Mini-ITX,338.03
ASUS,B550,ATX,245.88
MSI,B550,ATX,199.47
ASUS,B550,ATX,264.33
ASUS,X570,Micro-ATX,170.2
MSI,X570,ATX,142.7
MSI,X570,Micro-ATX,313.23
ASUS,B550,Mini-ITX,122.82
ASUS,B550,ATX,227.66
ASUS,B550,ATX,141.38
MSI,B550,Micro-ATX,171.07
ASUS,X570,Mini-ITX,323.38
MSI,X570,Mini-ITX,319.86
ASUS,X570,Micro-ATX,294.7
ASUS,B550,Mini-ITX,392.26
MSI,B550,Micro-ATX,256.32
ASUS,X570,ATX,141.99
ASUS,X570,ATX,288.33
MSI,X570,Micro-ATX,309.38
MSI,B550,ATX,225.59
ASUS,B550,Mini-ITX,355.87
ASUS,X570,ATX,174.41
MSI,X570,ATX,278.19
ASUS,B550,ATX,126.76
MSI,B550,ATX,136.28
MSI,B550,ATX,351.24
ASUS,B550,Micro-ATX,293.42
MSI,B550,Mini-ITX,159.86
ASUS,B550,ATX,301.59
MSI,B550,ATX,340.07
ASUS,X570,ATX,295.85
ASUS,X570,Micro-ATX,156.94
ASUS,X570,ATX,219.18
MSI,B550,Micro-ATX,187.41
MSI,B550,Mini-ITX,283.3
ASUS,X570,Mini-ITX,206.19
ASUS,X570,Micro-ATX,197.79
MSI,B550,Mini-ITX,148.08
ASUS,X570,ATX,147.21
ASUS,B550,Mini-ITX,299.13
ASUS,B550,Micro-ATX,130.73
ASUS,B550,ATX,248.75
ASUS,X570,Micro-ATX,272.35
ASUS,B550,Micro-ATX,380.75
ASUS,X570,ATX,119.18
MSI,X570,Micro-ATX,269.23
MSI,B550,Micro-ATX,120.96
MSI,X570,ATX,137.11
MSI,B550,ATX,337.73
MSI,B550,Mini-ITX,234.37
MSI,X570,Micro-ATX,142.08
MSI,X570,Micro-ATX,258.71
MSI,B550,ATX,241.12
MSI,B550,Mini-ITX,174.93
MSI,X570,Mini-ITX,383.45
MSI,B550,ATX,360.9
ASUS,X570,Mini-ITX,151.12
MSI,B550,Mini-ITX,182.54
MSI,X570,Micro-ATX,293.75
MSI,B550,ATX,204.98
MSI,B550,Micro-ATX,246.35
MSI,X570,Mini-ITX,378.58
ASUS,X570,ATX,330.98
MSI,X570,Mini-ITX,136.02
ASUS,X570,Mini-ITX,287.3
MSI,X570,ATX,307.93
MSI,B550,Mini-ITX,154.43
MSI,X570,Mini-ITX,261.0
ASUS,X570,Mini-ITX,319.06
MSI,B550,ATX,148.9
MSI,B550,Micro-ATX,317.4
ASUS,B550,Mini-ITX,143.43
ASUS,B550,ATX,385.11
ASUS,X570,ATX,265.88
ASUS,B550,Mini-ITX,301.59
ASUS,X570,Mini-ITX,335.78
ASUS,X570,Micro-ATX,191.55
ASUS,X570,Micro-ATX,142.36
ASUS,X570,ATX,247.44
ASUS,X570,Micro-ATX,304.58
MSI,X570,Mini-ITX,331.42
ASUS,X570,Mini-ITX,206.39
MSI,X570,Mini-ITX,146.48
MSI,B550,Mini-ITX,130.23
MSI,B550,Micro-ATX,350.82
ASUS,B550,Mini-ITX,243.08
ASUS,X570,Micro-ATX,323.4
MSI,B550,ATX,192.39
ASUS,X570,Mini-ITX,238.26
ASUS,X570,Mini-ITX,288.33
MSI,X570,Micro-ATX,361.18
MSI,X570,Micro-ATX,360.95
ASUS,X570,ATX,177.9
ASUS,X570,Mini-ITX,242.46
ASUS,X570,ATX,390.61
ASUS,B550,Micro-ATX,284.64
ASUS,B550,Micro-ATX,232.61
MSI,X570,ATX,353.2
ASUS,B550,Mini-ITX,108.11
ASUS,X570,Micro-ATX,235.24
ASUS,B550,Mini-ITX,225.94
ASUS,X570,ATX,312.12
ASUS,X570,Mini-ITX,370.64
MSI,X570,Mini-ITX,138.7
